idNom;idProducte;supermercat;nom_super;similitud_minima;tipus;unitat;mesura
1;316;Dia;PATATES FREGIDES FOR;0.7;bossa;;1
2;2;Dia;IOGURT NATURAL DANON;0.7;envàs x4;;4
3;60;Dia;ALL UNITAT;0.7;;;
4;90;Dia;TOMAQUET D UNTAR;0.7;;kg;
5;318;Dia;TORRO XOCO LLET DULC;0.7;;;
6;111;Dia;LACON FUMAT NUESTRA;0.7;;;
7;61;Dia;ALVOCAT SAFATA;0.7;;kg;
8;83;Dia;PATATA BOSSA;0.7;;kg;
9;366;Dia;OLIVES VERDERONES VE;0.7;pot;kg;
10;92;Dia;BLAT DE MORO DOLÇ VE;0.7;launa x3;kg;
11;83;Dia;PATATAS FRIT.SARTEN;0.7;;kg;
12;105;Dia;FILET DE PORC MARIN.;0.7;;;
13;229;Dia;BEGUDA CIVADA CALCI;0.7;ampolla;litre;1
14;62;Dia;BROTS RENTATS DIA VE;0.7;bossa;kg;
15;404;Dia;BOMBONS ASSORTIMENT;0.7;bossa;kg;
16;404;Dia;BOMBONES SURTIDO DIA;0.7;bossa;kg;
17;38;Dia;BANANA;0.7;granel;kg;
18;324;Dia;ARROS RODO NOMEN;0.7;envàs;kg;1
19;197;Dia;PANETTONE XOCOLATA E;0.7;;;
20;368;Dia;XOCO LLET EXTR FI MI;0.7;;;
21;377;Dia;ESPARREC EXTRA FLASC;0.7;;;
22;7;Dia;FORMATG RATLL MOZZAR;0.7;;;
23;118;Dia;PERNIL CUIT 85% CARN;0.7;;;
24;114;Dia;LLONGANI EXT LLENQUE;0.7;;;
25;349;Dia;SUCRE BLANC DIA;0.7;;;
26;91;Dia;XAMPINYO SENCER;0.7;safata;kg;0,25
27;329;Dia;FARINA REPOSTERIA EL;0.7;;;
28;114;Dia;SALCHICHON EXTRA N.A;0.7;;;
29;118;Dia;JAMON COCID.DIA 180G;0.7;;;
30;368;Dia;CHOCO LECHE MILKA;0.7;;;
31;4;Dia;LLET DESNATADA BRICK;0.7;;;
32;253;Dia;GEL DE DUTXA CLASSIC;0.7;;;
33;318;Dia;TORRO LLET/PRETZEL D;0.7;;;
34;318;Dia;TURRO FRUITA SUPREME;0.7;;;
35;368;Dia;XOCO LLET EXTRA FI MI;0.7;;;
36;195;Dia;PA MAXI BURGER P4 MO;0.7;;;
37;318;Dia;TURRON FRUTA SUPREME;0.7;;;
38;4;Dia;LLET DEST ASTURIANA;0.7;;;
39;318;Dia;TURRON PRALINE LECHE;0.7;;;
40;368;Dia;XOCOLATA CARAMEL MIL;0.7;;;
41;368;Dia;CHOCO RELL MILKA 100;0.7;;;
42;90;Dia;TOMAQUET D UNTAR 250;0.7;;;
43;190;Dia;NEULA FARCIDA TORRO;0.7;;;
44;32;Dia;MANDARINA;0.7;;;
45;82;Dia;PASTANAGUES BOSSA;0.7;;;
46;404;Dia;BOMBONES SURTIDOS;0.7;bossa;kg;
47;340;Dia;PASTA FIDEU CABELLIN;0.7;;;
48;73;AreaGuissona;ENCIAM ICEBERG;0.7;;;
49;141;AreaGuissona;TAC DE PANXETA CURADA;0.7;;;
50;26;AreaGuissona;DATILS SENSE PINYOL;0.7;;;
51;415;AreaGuissona;FINISSIM PERNIL;0.7;;;
52;139;AreaGuissona;CARPACCIO DE MORRO;0.7;;;
53;96;AreaGuissona;BACO FUMAT;0.7;;;
54;368;AreaGuissona;XOCOLAT AMB L MILK;0.7;;;
55;8;AreaGuissona;GORGONZ DOP BALLAR CUÑ 1;0.7;;;
56;142;AreaGuissona;TORRE D;0.7;;;
57;315;AreaGuissona;PASTIS SANTIAGO MENAL 300GR;0.7;;;
58;408;AreaGuissona;FORMATG CHE E BONAR 300GR;0.7;;;
59;105;AreaGuissona;FILET DE PORC;0.7;;;
60;19;AreaGuissona;KÈFIR 500GR;0.7;;;
61;62;AreaGuissona;AMANIDA CAPRICCIO 0-1 K;0.7;;;
62;76;AreaGuissona;ESPINAC BOSSA 0.3 K;0.7;;;
63;137;AreaGuissona;LLONGANISSA PORC;0.7;;;
64;395;AreaGuissona;MELMELA NABIU TARR 350 GR;0.7;;;
65;56;AreaGuissona;COCTEL AMANIDES 100;0.7;;;
66;15;AreaGuissona;NATA PER CUINAR BONAREA;0.7;;;
67;307;AreaGuissona;PASTIS ESPIRAL NONAREA 200GR;0.7;;;
68;26;AreaGuissona;DATILS AMB PINYOL;0.7;;;
70;100;AreaGuissona;BOTIFARRA PORCIONADA;0.7;;;
71;76;AreaGuissona;ESPINACS BOSSA 0.3K;0.7;;;
72;110;AreaGuissona;BURGUER POLLASTRE;0.7;;;
73;104;AreaGuissona;COSTELLA A DAUS;0.7;;;
74;414;AreaGuissona;FORMATG ARZ D BONA 550G;0.7;;;
75;109;AreaGuissona;FUET EXTRA;0.7;;;
76;118;AreaGuissona;PERNIL CUIT FORN;0.7;;;
77;25;AreaGuissona;CARN D CODONY BONA 250G;0.7;;;
78;414;AreaGuissona;MOZZARE FRESC BONA BOL 1;0.7;;;
79;417;AreaGuissona;SOL AMB BOLETS I TOFONA 250G;0.7;;;
81;201;AreaGuissona;CREPES REFRIGERATS 405 G;0.7;;;
82;122;AreaGuissona;POLLASTRE NET GR;0.7;;;
83;5;AreaGuissona;CREMETT FIN H PREM 150GR;0.7;;;
84;58;AreaGuissona;PISTATXOS 100 G;0.7;;;
85;91;AreaGuissona;XAMPINYONS;0.7;;;
86;38;AreaGuissona;BANANA BOLSA;0.7;;;
87;419;AreaGuissona;SAFATA BROU;0.7;;;
88;189;AreaGuissona;MASSA DE P RODONA 230 G;0.7;;;
89;130;AreaGuissona;XISTORRA;0.7;;;
90;368;AreaGuissona;XOCOAVELLANA BONAREA 100 G;0.7;;;
91;420;AreaGuissona;MUSCLOS ESCA PICAN 14/18;0.7;;;
92;318;AreaGuissona;TORRO CRE T BONARE 300 G;0.7;;;
93;421;AreaGuissona;SECALLONA;0.7;;;
94;394;AreaGuissona;GALETES ASSOR TRIA 400 G;0.7;;;
95;361;AreaGuissona;ORENGA FULLA BONAREA 8 G;0.7;;;
96;124;AreaGuissona;SALAMI EXTRA;0.7;;;
97;119;AreaGuissona;DELICIES DE GALL D;0.7;;;
98;118;AreaGuissona;ESPATLLA DIETA;0.7;;;
99;148;AreaGuissona;1/2 PEUS POSTERIOR;0.7;;;
100;367;Dia;OLIVES NEGRES A/PINY;0.7;;;
101;1;Dia;LLET DESNATADA AMPOLLA;0.7;;;
102;92;Dia;BLAT DE MORO UN TOQU;0.7;;;
103;62;Dia;AMANIDA TENDRA DIA V;0.7;;;
104;13;Dia;MANTEGA SENSE SAL DI;0.7;;;
105;6;Dia;FORM GOUDA LLESQUES;0.7;;;
106;89;Dia;TOMAQUET CHERRY PERA;0.7;;;
107;92;Dia;MAIZ DULCE BONDUELLE;0.7;;;
108;6;Dia;QUESO GOUDA S.MUNDIA;0.7;;;
109;7;Dia;QUESO MOZZARELLA DIA;0.7;;;
110;118;Dia;JAMON COCIDO EXTRA N;0.7;;;
111;213;Dia;COCA-COLA LLAUNA;0.7;;;
112;307;Dia;ENSAIMADES DIA 220GR;0.7;;;
113;69;Dia;CEBETA FRANCESA;0.7;;;
114;317;Novavenda;PIPES GREFUSA TUJUANA 165;0.7;;;
115;3;Novavenda;DANONE AGRUPACIONS NATURAL 8 U;0.7;;;
116;169;Novavenda;TONYINA CUCA CLARA OLI OLIVA1/4;0.7;;;
117;269;Novavenda;PASTI ENCENFOCS YA 40 UN;0.7;;;
118;221;Novavenda;NESCAFE PACK ESTALVI 2 X 200G;0.7;;;
119;2;Novavenda;DANONE NAT.P4;0.7;;;
120;407;Novavenda;PASTA GALLO GALET NADAL OU 450G;0.7;;;
121;314;Novavenda;DELICIES TOFFEE LA LECHERA 2U;0.7;;;
122;316;Novavenda;PATATES GOURMET CLASSIQUES 150G;0.7;;;
123;368;Novavenda;XOCOLATA MILKA LLET 250G;0.7;;;
124;253;Novavenda;GEL BANY CIVADA ALIN/ALMA DE LINA 750ML;0.7;;;
125;8;Novavenda;FORM.GORGONZOLA CUNYA 100;0.7;;;
126;408;Novavenda;FORM. CATHEDRAL EXTRA MATURE 200G;0.7;;;
127;369;AreaGuissona;XOCOL E PUR AV 200 G;0.7;;;
128;216;Mercadona;INFUSIO DORMIR;0.7;;;
129;89;Mercadona;T.CHERRY PERA NEGRO;0.7;;;
130;12;Mercadona;BEBIDA ALMENDRAS 0%;0.7;;;
131;206;Mercadona;NEVAL 8L;0.7;;;
132;212;Mercadona;CERV PACK 12;0.7;;;
133;265;Mercadona;ROLLO COCINA GIGANTE;0.7;;;
134;416;Mercadona;PENNE RIGATE;0.7;;;
135;15;Mercadona;NATA PARA COCINAR;0.7;;;
136;3;Mercadona;YOGUR NATURAL;0.7;;;
137;349;Mercadona;AZUCAR;0.7;;;
138;351;Mercadona;CREMA VINAGRE BALSAM;0.7;;;
139;329;Mercadona;HARINA DE TRIGO;0.7;;;
140;344;Mercadona;SAL FINA;0.7;;;
141;395;Mercadona;MERMELADA HIGO;0.7;;;
142;28;Mercadona;HIGO SECO;0.7;;;
143;30;Mercadona;LIMON EXPRIMIDO;0.7;;;
144;1;Mercadona;LECHE DESNATADA P-6;0.7;;;
145;318;Mercadona;T.CHOCO ALMENDRA;0.7;;;
146;404;Mercadona;BOMBONES SENZZA;0.7;bossa;kg;
147;399;Mercadona;COPOS DE AVENA;0.7;;;
148;253;Mercadona;GEL VAINILLA;0.7;;;
149;318;Mercadona;TURRON PISTACHO;0.7;;;
150;352;Mercadona;CHIA;0.7;;;
151;188;Mercadona;TORTILLA MEXICANAS;0.7;;;
152;422;Mercadona;MOZZARELLA FRESCA;0.7;;;
153;334;Mercadona;LINO;0.7;;;
154;423;Mercadona;MEZCLA DE SEMILLAS;0.7;;;
155;307;Mercadona;MINI SALADAS;0.7;;;
156;33;Mercadona;MANGO DESHIDRATADO;0.7;;;
157;414;Mercadona;QUESO FRESCO VACA;0.7;;;
158;166;Mercadona;MEDIO SALMON;0.7;;;
159;283;Mercadona;200 SERVIL. BLANCAS;0.7;;;
160;386;Mercadona;TOMATE FRITO CASERO;0.7;;;
161;121;Mercadona;MUSLITO DE POLLO;0.7;;;
162;121;Mercadona;PECHUGUITA POLLO ASA;0.7;;;
163;400;Mercadona;POLLO RELLENO ASADO;0.7;;;
164;19;Mercadona;KEFIR;0.7;;;
165;88;Mercadona;TOMATE ROSA;0.7;;;
166;424;Mercadona;POLVORON GRANEL;0.7;;;
167;38;Mercadona;BANANA;0.7;;;
168;252;Clarel;FRIEGASU CONCENT MIO;0.7;;;
169;272;Clarel;GEL WC ACCIO TOTAL H;0.7;;;
170;284;Clarel;VINAGRE NETEJA MULTI;0.7;;;
171;256;Clarel;LLEIXIU AMPOLLA GROC;0.7;;;
172;246;Clarel;DET LIQ JABON MARSEL;0.7;;;
173;425;Clarel;MILLORS ENCEN SANDAL;0.7;;;
174;252;Clarel;ASEVI -50% 2ª UD;0.7;;;
175;276;Clarel;LAVAVA ULTRA CONCENT;0.7;;;
176;293;Clarel;MASCARA CAPIL. R&P;0.7;;;
177;293;Clarel;MASCARA CAPIL.CABELL;0.7;;;
178;258;Clarel;PEGATS ORO EXT.FIRM;0.7;;;
179;285;Clarel;XAMPU SUAU I LLIS PA;0.7;;;
180;285;Clarel;REPARA&PROTEGE XAMPU;0.7;;;
181;268;Clarel;PAPER HIGI 4 CAP SUA;0.7;;;
182;265;Clarel;ROTLLO CUINA ABSORCI;0.7;;;
183;281;Clarel;SUAVITZANT TALC ROSA;0.7;;;
184;237;Clarel;BICARBONAT DIRANZO 1;0.7;;;
185;248;Clarel;ESPONJA ACT DERM MAS;0.7;;;
186;395;Novavenda;CONFITURA PRESSEC BEBE 370G;0.7;;;
187;395;Novavenda;CONFITURA MADUIXA BEBE 370G;0.7;;;
188;28;AreaGuissona;FIGUES SEQUES;0.7;;;
189;269;AreaGuissona;PASTI E UNIF ESTOI;0.7;;;
190;426;AreaGuissona;PERNIL D'ANEC MARTIKO;0.7;;;
191;368;AreaGuissona;XOCOLAT AMB 15%;0.7;;;
192;194;AreaGuissona;PA DE V BONA PER T 120 G;0.7;;;
193;383;Dia;PINYA RODANXES SUC S;0.7;;;
194;15;Dia;NATA LIQ.CUINAR 18%;0.7;;;
195;428;Dia;CEBA TENDRA UNITAT;0.7;;;
196;384;Dia;SARDINA OLI OLIVA MA;0.7;;;
197;114;Dia;SALSITXO IBERIC NUES;0.7;;;
198;149;Dia;BACALLA ESMOLLAT SEL;0.7;;;
199;198;Dia;COCTEL DE PICS EL MO;0.7;;;
200;427;Dia;FIDEU Nº0 GALLO;0.7;;;
201;205;Dia;AIGUA MINERAL NATURA;0.7;;;
202;424;Dia;NADAL GRANEL ALT DUL;0.7;;;
203;424;Dia;NADAL GRANEL BAIX DU;0.7;;;
204;4;Dia;LECHE DESN. ASTURI 1L;0.7;;;
205;424;Dia;NAVIDAD GRANEL DIA;0.7;;;
206;1;Dia;10% LECHE ASTURIANA +6;0.7;;;
207;114;Dia;SALCHICHON IBER.DIA;0.7;;;
208;198;Dia;REGALO EL MOLINO DE DI;0.7;;;
209;185;Novavenda;BAGUETTE BELLSOLA 255G;0.7;;;
210;121;Dia;PIT DE POLLASTRE TEL;0.7;;;
211;42;Dia;TARONJA BOSSA;0.7;;;
212;283;Dia;TOVALLO SUAU 2C LA L;0.7;;;
213;9;Dia;IOGURT GRAC NATURAL;0.7;;;
214;145;AreaGuissona;GARRONS DE PERNIL;0.7;;;
215;117;AreaGuissona;FINISSIM MORTADELA;0.7;;;
216;146;AreaGuissona;CAP DE LLOM S/OS;0.7;;;
217;7;AreaGuissona;FORMATG FRE P BONAR 200G;0.7;;;
219;362;Novavenda;OLI GIRASOL MASIASOL 1L;0.7;;;
220;349;Novavenda;SUCRE BLANC SUCREBO BOSSA 1KG;0.7;;;
221;344;Novavenda;SAL GOURMET 1 KG;0.7;;;
222;430;Dia;LLONZA GALL DIN.ALL;0.7;;;
223;93;Dia;CALÇOT MANOLL;0.7;;;
224;62;Dia;SELECC.5 BROTS VEGEC;0.7;;;
225;188;Dia;TRUITA INTEGRAL AL P;0.7;;;
226;345;Dia;SALSA COLÇOTS FERRER;0.7;;;
227;307;Dia;NAPOLITANA MIXTA EL;0.7;;;
228;137;Dia;CHULETA PAVO AJIL DI;0.7;;;
229;188;Dia;TORTITAS INT Y TRIGO;0.7;;;
230;283;Dia;REGALO LA LLAMA;0.7;;;
231;187;AreaGuissona;PASTA EMPAN LA COC 160 G;0.7;;;
232;245;Clarel;DEO ESP .DERM.SENSITI;0.7;;;
233;245;Clarel;DESODOR DERMO SENSIT;0.7;;;
234;285;Clarel;XAMPU NUTRE I CUIDA;0.7;;;
235;285;Clarel;XAMPU MENTHOL H&S;0.7;;;
236;253;Clarel;GEL DUCHA ALOE VERA;0.7;;;
237;218;Clarel;GEL DUCHA CLASICO BO;0.7;;;
238;14;Novavenda;MATO CADI 250G;0.7;;;
239;431;Novavenda;NESCAFE PACK ESTALVI 2X200G;0.7;;;
240;394;Novavenda;NETS J. TRIAS TEULES CAPSA 400G;0.7;;;
241;65;Dia;CANONGES DIA BOSSA 1;0.7;;;
243;158;Dia;LLAGOSTI CUIT SELECC;0.7;;;
244;39;Dia;POMA GOLDEN BOSSA;0.7;;;
245;78;Dia;POLPA ADVOCAT DIA AL;0.7;;;
246;83;Dia;PATATA FREGIR PATATA;0.7;;;
247;1;Dia;LLET DESNATADA AMPOL;0.7;;;
248;281;Dia;PERFUM ORIENTAL 600M;0.7;;;
249;308;Dia;BOSSA 50% RECICLADA;0.7;;;
250;144;Dia;FILET DE GALL DINDI;0.7;;;
251;107;Dia;MOUSSE ANEC AOSTE;0.7;;;
252;121;Dia;PIT POLLASTRE LLENQU;0.7;;;
253;307;Dia;ROSQUILLA FESTUC EL;0.7;;;
254;30;Dia;LLIMONES MALLA;0.7;;;
255;73;Dia;ENCIAM ICEBERG;0.7;;;
256;1;Dia;LECHE DESN ASTURIANA;0.7;;;
257;144;Dia;SOLOMILLO PAVO DIA;0.7;;;
258;307;Dia;ROSQUILLA PISTACHO;0.7;;;
259;281;Dia;20% SUAVIZANTES;0.7;;;
260;307;Dia;CROISSANTS EL MOLINO;0.7;;;
261;408;Dia;FORMATGE CHEDDAR EXT;0.7;;;
262;152;Dia;CLOISSA DEL PACIFIC;0.7;;;
263;329;Dia;FARINA EL MOLINO DIA;0.7;;;
264;307;Dia;CROISSANTS DIA 390 G;0.7;;;
265;368;Dia;CHOCOLATE RELL.CARAM;0.7;;;
266;408;AreaGuissona;FORMATG CHE E BONAR 300G;0.7;;;
267;77;AreaGuissona;GIRGOLA SAFATA 0-2 K;0.7;;;
268;103;AreaGuissona;CONILL ROSTED 800/1200G;0.7;;;
269;9;Dia;IOGURT GREC NATURAL;0.7;;;
270;119;Dia;PERNIL GALL DINDI FI;0.7;;;
271;6;Dia;FORMATGE TENDRE VACA;0.7;;;
272;193;Dia;PA RATLLAT ONENA;0.7;;;
273;394;Dia;GALETA CARAMELITZADA;0.7;;;
274;119;Dia;JAMON PAVO DIA 180 G;0.7;;;
275;368;Novavenda;XOCOLATA MILKA 125 G;0.7;;;
276;169;Novavenda;TONYINA DANI CLARA OLI OLIVA LLAUNA 1/4;0.7;;;
277;372;Novavenda;CIGRO CUIT LUENGO 570 G;0.7;;;
278;44;AreaGuissona;CACAHUET AMB MEL;0.7;;;
279;56;AreaGuissona;COCTEL AMANIDES 10;0.7;;;
280;211;Dia;CERVESA CLASSICA RAM;0.7;;;
281;203;Dia;AIGUA MIN NAT S/G OV;0.7;;;
282;214;Dia;COCA COLA ZERO SENSE;0.7;;;
283;104;AreaGuissona;COSTELLA BROU;0.7;;;
284;315;AreaGuissona;LIONESES NATA;0.7;;;
285;388;AreaGuissona;TOMAQU CONCE MUTT TUB 1;0.7;;;
286;432;AreaGuissona;LASAÑA PRECU EL PA 200 G;0.7;;;
287;368;AreaGuissona;XOXOAVELLANA BONAR;0.7;;;
288;263;Mercadona;PAL EXTENSIBLE ANTI;0.7;;;
289;433;Mercadona;RECOLLIDOR AMB MANEC;0.7;;;
290;246;Mercadona;DETERGENT MARSELLA;0.7;;;
291;362;Mercadona;OLI DE GIRA-SOL;0.7;;;
292;287;Mercadona;NETEJADOR AMB OXIGEN;0.7;;;
293;299;Mercadona;DESINCRUSTANT GREIX;0.7;;;
294;274;Mercadona;REDUCTOR NIT;0.7;;;
295;294;Mercadona;ACTIVADOR R COLOR;0.7;;;
296;271;Mercadona;PERFUMADOR;0.7;;;
297;92;Mercadona;B.MORO DOLÇ PAQUET-3;0.7;;;
298;19;Mercadona;KEFIR;0.7;;;
299;12;Mercadona;BEGUDA AMETLLES 0%;0.7;;;
300;368;Mercadona;FUSSION FESTUC;0.7;;;
301;89;Mercadona;CIREROL PERA KUMATO;0.7;;;
302;307;Mercadona;MINI SALADES;0.7;;;
303;137;Mercadona;LLANGARDAIX PORC;0.7;;;
304;434;AreaGuissona;FORMATG BURRA 125G;0.7;;;
305;5;AreaGuissona;CREMA  D SEMIC QUESE 125G;0.7;;;
306;126;AreaGuissona;SOBRASSADA IBER;0.7;;;
307;435;AreaGuissona;LLONG.POLLASTRE;0.7;;;
308;436;AreaGuissona;PER A BORRAR 2;0.7;;;
309;437;AreaGuissona;PURE DE P MAGGI 230 G;0.7;;;
310;116;AreaGuissona;MIXT PEROL I BULL;0.7;;;
311;315;AreaGuissona;PASTIS ESPIRAL BONAREA 200GR;0.7;;;
312;333;AreaGuissona;LLEVAT LEVANOVA DAUS 2X25 G;0.7;;;
313;438;Novavenda;PA GALLEG BELLSOLA 300 G;0.7;;;
314;113;AreaGuissona;LLOM CANYA;0.7;;;
315;169;AreaGuissona;BONITOL OLI OLIV. OL-120;0.7;;;
316;369;AreaGuissona;XOCOL PURA AV 200 G;0.7;;;
317;114;Dia;LLONGAN ENCEBALL IBÈ;0.7;;;
318;68;Dia;CARXOFA GRANEL;0.7;;;
319;439;Dia;COLIFLOR;0.7;;;
320;206;Dia;AIGUA MINERAL NATUR.;0.7;;;
321;169;Dia;FILET DE TONYINA;0.7;;;
322;118;Dia;JAMON COCID.XTRA DIA;0.7;;;
323;324;Novavenda;ARROS SEGADORS DELTA 1KG;0.7;;;
324;169;Novavenda;TONYINA CLARA OLI GIRASOL COSTATUN OL-120;0.7;;;
325;258;Novavenda;MASCARETA TIMOTEI HIDRATANT 300ML;0.7;;;
326;391;Dia;REMOLATXA A TIRES RI;0.7;;;
327;42;Dia;TARONJA TORRES SELEC;0.7;;;
328;395;Dia;MELMELADA FIGUES EXT;0.7;;;
329;395;Dia;MELM.TARONJA.AMARG F;0.7;;;
330;114;Dia;LLONGANISSA IMPERIAL;0.7;;;
331;30;Dia;LLIMONA SELCCIO UN;0.7;;;
332;76;Dia;ESPINACS DIA BOSSA 3;0.7;;;
333;196;Dia;PA HOT DOG EL MOLINO;0.7;;;
334;196;Dia;PAN HOT DOG 4 UDS;0.7;;;
335;368;Dia;XOCOLATA A/LLET MILK;0.7;;;
336;121;Dia;PIT DE POLLASTRE LLENQU;0.7;;;
337;130;Dia;XISTORRA SELECCION D;0.7;;;
338;340;Dia;FIDEU CABELLIN AL DI;0.7;;;
339;335;Dia;SALSA MAIG SRIRACHA;0.7;;;
340;368;Dia;CHOCOLATE MILKA;0.7;;;
341;335;Dia;20% SALSAS SALSEO;0.7;;;
342;411;AreaGuissona;FORMATG CUR M BONA 350 G;0.7;;;
343;239;AreaGuissona;BOSSA ESCOM BONA T 55X 1;0.7;;;
344;139;AreaGuissona;MORRO CUIT;0.7;;;
345;395;AreaGuissona;MELMELA NABIU TARR 350 G;0.7;;;
346;312;Dia;TERR STRAWB CHEESECA;0.7;;;
347;440;Dia;SALSA CALÇOTS FERRER;0.7;;;
348;316;Dia;PATATES FREG GOURMET;0.7;;;
349;312;Dia;PASTIS LAMINA NAT/XO;0.7;;;
350;93;AreaGuissona;CALÇOTS FARC;0.7;;;
351;394;AreaGuissona;ASSOR DE DE T GARCI 350 G;0.7;;;
352;307;AreaGuissona;PASTIS ESPIRAL BONAREA 200GR;0.7;;;
353;276;AreaGuissona;VAIXELL VERD 1 KG;0.7;;;
354;441;AreaGuissona;FORMATG CAB T PEÇ 2;0.7;;;
355;442;AreaGuissona;GUANCIALE;0.7;;;
356;99;AreaGuissona;BOTIFARRA NEGRA;0.7;;;
357;394;Novavenda;NETS J. TRIAS ESPECIAL 10 CAPSA 500 G;0.7;;;
358;246;Clarel;DETERG LIQ PRO S 37D;0.7;;;
359;443;Clarel;BROCHA ILUMINADOR NA;0.7;;;
360;285;Clarel;XAMPU LIQUID SILK GL;0.7;;;
361;285;Clarel;INTENSIVE REG SHAMPO;0.7;;;
362;293;Clarel;MASCARA LIQUIDA SILK;0.7;;;
363;293;Clarel;MASCARA ULTIMATE GLI;0.7;;;
364;316;Dia;PATATAS FRIT GOURMET;0.7;;;
365;268;Dia;PAPER HIGIEN COMP 2C;0.7;;;
366;318;Dia;TORRO TRES XOCOLATES;0.7;;;
367;6;Dia;FORMATGE EDAM HOLAND;0.7;;;
368;118;Dia;PERNIL CUIT 97% CARN;0.7;;;
369;399;Dia;FLOCS CIVADA INTEGRA;0.7;;;
370;6;Dia;QUESO EDAM S.MUNDIAL;0.7;;;
371;118;Dia;JAMON COCIDO EXTRA;0.7;;;
372;444;Dia;BARRA DE PA TORRIJAS;0.7;;;
373;189;Dia;MASSA PASTA DE FULL;0.7;;;
374;90;Dia;TOMAQUET MINI XOCMAT;0.7;;;
375;445;Dia;PREPARAT FIDEUA ARRO;0.7;;;
376;315;Dia;PASTIS DE FORMATGE D;0.7;;;
377;386;Dia;TOMAQUET FREGIT OLIV;0.7;;;
378;88;Dia;TOMAQUET PERA SAFATA;0.7;;;
379;144;Dia;FILET PIT GALL DINDI;0.7;;;
380;138;Dia;CARPACCIO DIA SELECC;0.7;;;
381;312;Dia;CONS NATA TEMPTATION;0.7;;;
382;17;Dia;FORMATGE PORC 24UN D;0.7;;;
383;15;Dia;NATA PER CUINAR C.L.;0.7;;;
384;37;Dia;PERA CONFERENCIA;0.7;;;
385;444;Dia;"PA DE ""TORRIJAS""";0.7;;;
386;167;Dia;SIPIA SELECCION DIA;0.7;;;
387;118;Dia;PERNIL CUIT BRASEJAT;0.7;;;
388;362;AreaGuissona;OLI GIRAS BONAREA;0.7;;;
389;446;AreaGuissona;VINAGRE DE P DELO A 75 C;0.7;;;
390;447;AreaGuissona;MORCILLA D'ARROS;0.7;;;
391;132;AreaGuissona;SARTA PICANT;0.7;;;
392;253;Clarel;GEL DUCHA FAMILIAR B;0.7;;;
393;283;Clarel;ROTLLO MULT 600 SERV;0.7;;;
394;7;Mercadona;FORMATGE RATLLAT PIZ;0.7;;;
395;448;Mercadona;POLLASTR.FARCIT ROSTI;0.7;;;
396;448;Mercadona;CUIXETA DE POLLASTRE;0.7;;;
397;120;Mercadona;RESERVA TALLS;0.7;;;
398;3;Mercadona;IOGURT NATURAL;0.7;;;
399;411;Mercadona;FORMATGE CURAT;0.7;;;
400;368;Mercadona;FUSSION AVELLANA;0.7;;;
401;232;Mercadona;ABRILLANTADOR VAIXEL;0.7;;;
402;395;Mercadona;MELMELADA MADUIXA;0.7;;;
403;65;Mercadona;DUO CANONGES RUCA;0.7;;;
404;334;Mercadona;LLI;0.7;;;
405;423;Mercadona;MESCLA DE LLAVORS;0.7;;;
406;352;Mercadona;XIA;0.7;;;
407;315;Mercadona;PA DE PESSIC NOUS;0.7;;;
408;62;Dia;AMANIDA MEZCLUM VEGE;0.7;;;
409;422;Dia;FOR.MOZZARELLA FRES;0.7;;;
410;31;Dia;MADUIXOT;0.7;;;
411;411;Dia;FORMATGE BARR INTENS;0.7;;;
412;386;Dia;TOMAQUET FREGIT CASO;0.7;;;
413;307;AreaGuissona;BUNYOLS DE PASQUA 300GR;0.7;;;
414;307;Novavenda;CHAPELAS XOCO DULCESOL 3 U 126G;0.7;;;
415;411;Novavenda;GRAN CAPITAN CURAT FALCA 150G;0.7;;;
416;100;AreaGuissona;BOTIFARRA CAS;0.7;;;
417;183;Dia;PA MOTLLE PROTEINES;0.7;;;
418;312;Dia;TERRINA LEMON PIE DI;0.7;;;
419;449;Dia;CREMA PEUS REPAR URE;0.7;;;
420;183;Dia;PAN MOLDE PROTEICO;0.7;;;
421;381;Novavenda;MONGETES CIDACOS FLASCO 580 ML;0.7;;;
422;104;Dia;COSTELLA TIRA PORC S;0.7;;;
423;450;Dia;PIT DE GALL DINDI BO;0.7;;;
424;169;Dia;BONITOL EN OLI/OLIVA;0.7;;;
425;420;Dia;MUSCLOS ESCABETX P3;0.7;;;
426;162;Dia;CUIXETES DE MAR MARI;0.7;;;
427;15;Dia;NATA CUINAR ESPESSA;0.7;;;
428;169;Dia;FILETS TONYINA MSC M;0.7;;;
429;151;Dia;BROU PEIX AL PUNTO;0.7;;;
430;451;Dia;VERAT OLI OLIVA MARI;0.7;;;
431;384;Dia;SARDINETA REDUIT SAL;0.7;;;
432;312;Dia;GELAT FESTUC CHEESE;0.7;;;
433;184;Dia;PA ESPELTA INTEGRAL;0.7;;;
434;452;Dia;FORMATGE BLAU DIA LA;0.7;;;
435;74;Dia;ENDIVIA SAFATA 350 G;0.7;;;
436;13;AreaGuissona;MANTEGA 250G;0.7;;;
437;36;AreaGuissona;PANSES MOSC.S/LLAVORS;0.7;;;
438;315;AreaGuissona;RONDO TARON MANDUL 400G;0.7;;;
439;63;AreaGuissona;REMEN D;0.7;;;
440;411;AreaGuissona;FORMATGE C DE O BONARE CUÑA;0.7;;;
441;323;AreaGuissona;SALSA ALLIO BONAREA 150G;0.7;;;
442;409;AreaGuissona;FORMATGE TEN B PORCI 325G;0.7;;;
443;394;Novavenda;COOKIES XOCOLATA BLANCA FLORBU 120G;0.7;;;
444;394;Novavenda;COOKIES INT MUES/TAR/PANSES FLORBU 180G;0.7;;;
445;284;Novavenda;NETEJADOR MULTIUS DE VINAFRE 1L;0.7;;;
446;368;Novavenda;MILKA CHOCO PAUSE 260 G;0.7;;;
447;368;Novavenda;XOCOLATA MILKA CARAMEL 100 G;0.7;;;
448;368;Novavenda;XOCOLATA BISCOFF MILKA 90G;0.7;;;
449;453;Novavenda;LISTERINE MENTOL 250 ML;0.7;;;
450;315;Novavenda;TARTA FORMATGE LOLITAS 180G;0.7;;;
451;5;Novavenda;CREMA FORM SEMI CURAT PRESIDENT 125 G;0.7;;;
452;5;Novavenda;CREMA DE BRIE AMB TRUFA PRESIDENT 105 G;0.7;;;
453;454;Dia;GYOZAS TEPPANYAKI DI;0.7;;;
454;455;Dia;FORMATGE FRESC CABRA;0.7;;;
455;456;AreaGuissona;CANELON PAVO P 125G;0.7;;;
456;457;AreaGuissona;IOGURT CABRA 2X125;0.7;;;
457;458;AreaGuissona;FINISSIM DE GALL;0.7;;;
458;73;Dia;CORS DE ROMANA UNITA;0.7;;;
459;307;Dia;COQUES GARROFER L;0.7;;;
460;307;Dia;MUFFIN CON FESTUC EL;0.7;;;
461;394;AreaGuissona;GALETA Mª OR BONA 2X200G;0.7;;;
462;143;AreaGuissona;LLAN LLOM PORC;0.7;;;
463;409;Dia;MITJA LLUNA FORMATGE;0.7;;;
464;459;Dia;PILLOW CACAU S/GLUTE;0.7;;;
465;283;Dia;TOVALLO BLANC 1 C LA;0.7;;;
466;384;AreaGuissona;SARDINE EN O BONAR RR- F;0.7;;;
467;438;Mercadona;BARRA DE PA;0.7;;;
468;185;Mercadona;BAGUET;0.7;;;
469;15;Mercadona;NATA PER CUINAR;0.7;;;
470;82;Mercadona;PASTANAGA 500 G;0.7;;;
471;366;Mercadona;OLIVA AMB OS PET;0.7;;;
472;61;Mercadona;ALVOCAT;0.7;;;
473;380;Mercadona;LLENTIA CUITA;0.7;;;
474;372;Mercadona;CIGRO M.CUIT;0.7;;;
475;409;Mercadona;VACA TALLAT;0.7;;;
476;381;Mercadona;MONGETA BLANCA CUITA;0.7;;;
477;457;Mercadona;IOGURT CABRA;0.7;;;
478;460;Dia;ARROS AMB VERDURA SO;0.7;;;
479;344;Dia;SAL REFINADA DE TAUL;0.7;;;
480;344;Dia;SAL GROSSA DIA;0.7;;;
481;405;Dia;MACARRONS XL GALLO;0.7;;;
482;461;Dia;COCIDO MADRILEÑO LIT;0.7;;;
483;378;Dia;FABADA ASTURIANA LIT;0.7;;;
484;234;Mercadona;SPRAY RED ELIXIR;0.7;;;
485;246;Mercadona;DETERGENT FRESCOR;0.7;;;
486;462;Mercadona;LLET CABRA 1L;0.7;;;
487;368;Mercadona;FUSSION GALL BELGA;0.7;;;
488;324;Mercadona;ARROS NOMEN;0.7;;;
489;354;Mercadona;ARROS CUIT;0.7;;;
490;453;Mercadona;GLOPEIG ACC.TOTAL;0.7;;;
491;252;Mercadona;FREGASOL FLORAL;0.7;;;
492;5;Mercadona;F. UNTAR SUAU;0.7;;;
493;463;Mercadona;ESCAROLA;0.7;;;
494;73;Mercadona;ICEBERG;0.7;;;
495;406;Mercadona;ESPAGUETTI;0.7;;;
496;340;Mercadona;FIDEU CABELL;0.7;;;
497;395;Mercadona;MEL. TARONJA AMARGA;0.7;;;
498;395;Mercadona;MEL.PRESSEC;0.7;;;
499;464;Mercadona;CREMA D'ESPARRECS;0.7;;;
500;465;Mercadona;ARROS DE PEIX;0.7;;;
501;466;Mercadona;MIGAS;0.7;;;
502;467;Mercadona;PASTIS TONYINA;0.7;;;
503;243;Clarel;SERUM FACIAL LIFT+ D;0.7;;;
504;468;Clarel;PLANTILLA ANTILLISCA;0.7;;;
505;281;Clarel;SUAVITZANT THERMAL N;0.7;;;
506;245;Clarel;DESODOR DERM INVISIB;0.7;;;
507;268;Clarel;PAPER HIG COMPACTE H;0.7;;;
508;329;Novavenda;FARINA BLAT GOURMET 1 KG;0.7;;;
509;256;Dia;LLEIXIU DETERGENT LLI;0.7;;;
510;152;Dia;CLOISES AL NATURAL M;0.7;;;
511;409;Dia;FORMATGE MESCLA TEND;0.7;;;
512;184;Dia;BAGUETTE LLAVORS EL;0.7;;;
513;246;Dia;DET CAPSULES FLORAL;0.7;;;
514;61;AreaGuissona;ALVOCAT 0-4 K;0.7;;;
515;118;AreaGuissona;FINIS.PERNIL CU;0.7;;;
516;394;Novavenda;GALETA INTEGRAL A/SESAM FLORBU 145G;0.7;;;
517;258;Novavenda;MASC.MANTEGA KARITE;0.7;;;
518;288;Novavenda;ADV FORTALECE ESM DU;0.7;;;
519;169;Dia;FILET TONYINA MARIN;0.7;;;
520;70;Dia;COGOMBRE SNACK;0.7;;;
521;121;Dia;PIT POLLASTRE TEL;0.7;;;
522;316;Dia;PATATES FREGI LLISES;0.7;;;
523;36;Dia;PANSA SULTANA NATURM;0.7;;;
524;367;Dia;OLIVA A/PI AMANIDES;0.7;;;
525;450;Dia;PIT DE GALL DINDI CA;0.7;;;
526;119;Dia;LLENQ GALL DINDI BRA;0.7;;;
527;118;Dia;PERNIL CUIT CAMPOFRI;0.7;;;
528;119;Dia;PETAL PIT GALL DINDI;0.7;;;
529;118;Dia;PERNIL CUIT ROSTIT B;0.7;;;
530;467;Dia;PASTIS DE TONYINA AL;0.7;;;
531;103;Dia;MIG CONILL TROSSEJAT;0.7;;;
532;382;Dia;PEBR.PIQUI SENC.EXTR;0.7;;;
533;67;Dia;CARBASSO GRANEL;0.7;;;
534;185;Dia;BAGUETTE EL MOLINO D;0.7;;;
535;84;Dia;PEBROT TRICOLOR;0.7;;;
536;469;Dia;FOGASSA SEGOL CIVADA;0.7;;;
537;90;Dia;TOMAQUET BRANCA;0.7;;;
538;285;Novavenda;XAMPU TIMOTEI FORTALECE 600ML;0.7;;;
539;323;Novavenda;ALLIOLI CHOVI FLASCO 190 ML;0.7;;;
540;243;Novavenda;SILKY OIL 220ML;0.7;;;
541;108;Novavenda;SALSITXES FRANKFURT VIDRE LA SELVA 460G;0.7;;;
542;184;Novavenda;BARRA PURA CEREALS BELLSOLA 310G;0.7;;;
543;432;Novavenda;LASANYA FACIL INSTANT PAVO 18U 200G;0.7;;;
544;246;Novavenda;DETERGENT FLOTA OCEANICO 42S;0.7;;;
545;5;AreaGuissona;CREMA D RUL C QUESE 125G;0.7;;;
546;109;AreaGuissona;FUET ESPETEC 36cm 160g CERDO;0.7;;;
547;368;AreaGuissona;XOCOAVELLANA BONAR;0.7;;;
548;21;AreaGuissona;AMET.TORRADA S.SAL100;0.7;;;
549;470;AreaGuissona;ALCOHOL 96º CENTRA 250 M;0.7;ampolla;1;
550;316;AreaGuissona;XIPS VERDURES BONAR 100G;0.7;bossa;;100
551;7;AreaGuissona;MOZZARE RATLL BONA BOL;0.7;bossa;;
552;243;Clarel;CREMA ALL OVER BODY;0.7;;;
553;258;Clarel;PEGATS ULLS EXPERT D;0.7;;;
554;243;Clarel;REFI LUMIN EVEN GLOW;0.7;;;
555;244;Clarel;CE.DEPIL.LOTO P/SENS;0.7;;;
556;471;Clarel;NECESER TRAVEL 2026;0.7;;;
557;307;Dia;PANINI BARBACOA EL M;0.7;;;
558;312;Dia;TERRINA PASTIS ROSA;0.7;;;
559;315;Dia;BROWNIES AMB XOCOLATA;0.7;;;
560;48;Dia;MELO PARTIT;0.7;;;
561;119;Dia;PI DE GALL DINDI CA;0.7;;;
562;84;Dia;PEBROT VERMELL;0.7;;;
563;368;Dia;XOCO A/LLET EXTRAFI;0.7;;;
564;276;Dia;RENTAVAIXELLA ULTRA;0.7;;;
565;437;Dia;PURE DE PATATES PATA;0.7;;;
566;92;Dia;BLAT D.MORO DOLÇ P-3;0.7;;;
567;405;Dia;HELIXS VEGETAL DIA A;0.7;;;
568;42;Dia;TARONGES DE TAULA;0.7;;;
569;472;Mercadona;ANTICEL.LULITIC REAF;0.7;;;
570;399;Mercadona;FLOCS DE CIVADA;0.7;;;
571;121;Mercadona;PIT POLLASTRE ROSTIT;0.7;;;
572;473;Mercadona;MASCARA EXF. PEUS;0.7;;;
573;474;Mercadona;LLET NETEJADORA;0.7;;;
574;274;Mercadona;REDUCTOR DE GRASA;0.7;;;
575;11;AreaGuissona;LLET C LLAUN BOARE 740G;0.7;llauna;1;
576;475;Mercadona;MACARRONS FORMATGE;0.7;bandeja;1;
577;395;Novavenda;MELMELADA DE MADUIXA EVA FLASCO 330G;0.7;;1;330
578;395;Novavenda;RAPSODIA GENGIBRE A/TARONJA ST.DALFOUR 284G;0.7;;;284
579;395;Novavenda;MELMELADA DE PRESSEC EVA FLASCO 330G;0.7;;;330
580;6;Novavenda;FORMATGE EDAM BOCATERIA LLESQUES 200G;0.7;;;200
581;368;AreaGuissona;XOCOLAT AMB L NEST 125 G;0.7;;;
582;256;Dia;LLEIXIU AMPOLLA GROC;0.7;;;
583;57;Dia;SINDRIA RATLLADA PAR;0.7;;;
584;5;Dia;FORMATGE UNTAR NATUR;0.7;;;
